Model,Precision,Recall,AUC
Logistic C=1.0,0.6109589041095891,0.5962566844919787,0.8382365858069183
Logistic C=0.01,0.5086805555555556,0.7834224598930482,0.8384561729830272
