Model,Mean CV AUC,Std CV AUC
Logistic Regression,0.8431708185187325,0.013658034369712491
Controlled Decision Tree,0.8330825140134307,0.010223824887738212
Random Forest,0.8399694233007147,0.012799232768443096
Gradient Boosting,0.846475354893635,0.010700806527330855
