Model,Training Accuracy,Test Accuracy,ROC AUC
Random Forest,0.8690095846645367,0.8005677785663591,0.8367059340205121
Gradient Boosting,0.822861199858005,0.7984386089425124,0.8423906585031903
