Model,ROC AUC
Full Feature Model,0.8367059340205121
Reduced Feature Model,0.8359851714071662
