Best Accuracy,Best ROC AUC,Cross Validation AUC
0.7970191625266146,0.8404931669637551,0.8466889878270434
